id,Nombre,email,gender,Ventas
1,Sharai Gallager,sgallager0@time.com,M,
2,Joyce Chalfain,jchalfain1@craigslist.org,M,$48574.58
3,Cary Cavnor,ccavnor2@fc2.com,M,$26782.38
4,Cristine Osbiston,cosbiston3@delicious.com,M,
5,Arnuad Garfield,agarfield4@issuu.com,F,
6,Renault Kinsell,rkinsell5@oaic.gov.au,F,$29949.70
7,Mireielle Belward,mbelward6@timesonline.co.uk,F,$16900.22
8,Michell Grindell,mgrindell7@themeforest.net,F,$29741.51
9,Leona Pellitt,lpellitt8@businessinsider.com,M,$29245.03
10,Cristie Brocklebank,cbrocklebank9@aol.com,M,$21186.94
11,Dina Lantuff,dlantuffa@cnn.com,M,$13516.22
12,Ayn Eckart,aeckartb@moonfruit.com,F,$41536.00
13,Violet Budnk,vbudnkc@mapy.cz,F,
14,Tracy Kilmartin,tkilmartind@mozilla.org,F,$40501.72
15,Guglielma Glewe,gglewee@un.org,F,$21561.57
16,Ardenia Jaquest,ajaquestf@wiley.com,F,
17,Myrtie O'Cannon,mocannong@theatlantic.com,F,$24547.62
18,Suzanna Wiseman,swisemanh@studiopress.com,M,$44719.46
19,Arabel Arnao,aarnaoi@geocities.com,M,$14733.67
20,Lyell Izkovitch,lizkovitchj@sohu.com,F,$44866.16
21,Seana McCaffrey,smccaffreyk@oakley.com,F,$17167.57
22,Anetta Fuzzey,afuzzeyl@123-reg.co.uk,M,$48135.50
23,Kristo Pioli,kpiolim@answers.com,F,$16398.54
24,Holly-anne Frodsham,hfrodshamn@who.int,F,$40097.11
25,Bobbie Saltrese,bsaltreseo@intel.com,F,$46810.01
26,Cordell O'Tierney,cotierneyp@craigslist.org,F,$43963.45
27,Hervey Smitherman,hsmithermanq@omniture.com,M,$30137.40
28,Deane Devericks,ddevericksr@illinois.edu,F,$32721.16
29,Ramona Nears,rnearss@loc.gov,F,$16448.43
30,Joelie Bazoche,jbazochet@umn.edu,M,$39658.21
31,Henrieta Seifenmacher,hseifenmacheru@harvard.edu,M,$12192.73
32,Ali Birch,abirchv@about.com,M,$30553.95
33,Drusie Oughton,doughtonw@oaic.gov.au,M,$16944.18
34,Gris Hedin,ghedinx@bigcartel.com,F,$24032.94
35,Phillis Flancinbaum,pflancinbaumy@plala.or.jp,M,$35154.72
36,Torrey Borthe,tborthez@ftc.gov,F,$44014.58
37,Nolana McGrey,nmcgrey10@ihg.com,M,
38,Mortimer Crichley,mcrichley11@cloudflare.com,F,$10506.38
39,Lula Seyffert,lseyffert12@sphinn.com,F,
40,Warner Talboy,wtalboy13@yahoo.co.jp,M,$32586.94
41,Cassie Surgen,csurgen14@china.com.cn,F,$22025.33
42,Karena Cuchey,kcuchey15@dropbox.com,M,$31738.97
43,Jobi Jozefczak,jjozefczak16@bloomberg.com,M,$34890.71
44,Quinn Knappen,qknappen17@prnewswire.com,M,$43694.16
45,Thomas Rylands,trylands18@plala.or.jp,F,$19960.36
46,Cassie Rubinovitsch,crubinovitsch19@tinyurl.com,F,
47,Carleton Lathe,clathe1a@sina.com.cn,M,$44304.49
48,Jordain Duer,jduer1b@bloglovin.com,F,$24841.06
49,Sibby Dittson,sdittson1c@prnewswire.com,M,$18171.68
50,Lanie Swan,lswan1d@nbcnews.com,M,$25818.95
51,Mortimer Younghusband,myounghusband1e@sciencedirect.com,F,$26106.93
52,Kim Grellis,kgrellis1f@army.mil,F,$26595.85
53,Fina Synnot,fsynnot1g@psu.edu,F,$21739.84
54,Swen Robillart,srobillart1h@imageshack.us,F,$31694.86
55,Lizzy Admans,ladmans1i@google.de,F,$49756.26
56,Hamid Cordeix,hcordeix1j@hubpages.com,M,$49848.48
57,Joanie Aguirrezabala,jaguirrezabala1k@umich.edu,M,$28065.87
58,Rachelle Mullaly,rmullaly1l@stanford.edu,F,$35461.73
59,Aimee Haycroft,ahaycroft1m@nymag.com,M,$24064.81
60,Bondie Laite,blaite1n@liveinternet.ru,M,$10749.99
61,Fabe Dodding,fdodding1o@berkeley.edu,M,$16488.34
62,Jermaine Marritt,jmarritt1p@fotki.com,F,$47516.21
63,Reinold Hinder,rhinder1q@businessinsider.com,F,$40056.97
64,Querida Roots,qroots1r@plala.or.jp,F,
65,Sarena Suffield,ssuffield1s@chron.com,F,$15411.24
66,Ludovico Yosifov,lyosifov1t@pagesperso-orange.fr,M,
67,Emmalee Redmire,eredmire1u@hp.com,M,$35581.98
68,Boy Kenningham,bkenningham1v@paginegialle.it,M,$47050.35
69,Yanaton McAneny,ymcaneny1w@patch.com,M,$18935.02
70,Andrus Doggart,adoggart1x@howstuffworks.com,M,
71,Boone Greensite,bgreensite1y@php.net,M,$10794.90
72,Bing Nesfield,bnesfield1z@elpais.com,F,$30416.13
73,Jamie Roycroft,jroycroft20@phpbb.com,M,$29626.22
74,Lianna Mattia,lmattia21@dion.ne.jp,F,$12070.31
75,Edmon Pepye,epepye22@bloglovin.com,M,
76,Audi Rook,arook23@blogtalkradio.com,M,$48765.39
77,Gun Ales0,gales24@g.co,M,$22883.24
78,Ewart McKag,emckag25@w3.org,F,$46613.79
79,Desi Walwood,dwalwood26@go.com,M,$14483.36
80,Cortie Roslen,croslen27@europa.eu,F,$46093.42
81,Shalne Lambert,slambert28@walmart.com,F,
82,Elmo Tomsa,etomsa29@loc.gov,M,
83,Nikolos Manuely,nmanuely2a@cpanel.net,F,$47271.82
84,Mallorie Jossel,mjossel2b@gravatar.com,M,$33272.77
85,Blaine Rosendahl,brosendahl2c@wix.com,F,$40109.89
86,Hollyanne Ezzell,hezzell2d@pbs.org,F,$31871.61
87,Verile Wikey,vwikey2e@domainmarket.com,M,$19942.40
88,Nessi Bentley,nbentley2f@sphinn.com,M,$15430.49
89,Irving Coyne,icoyne2g@loc.gov,F,$38090.81
90,Ardeen Dunster,adunster2h@japanpost.jp,F,
91,Cy Eckels,ceckels2i@blogger.com,F,$45192.79
92,Sybille Tansey,stansey2j@who.int,F,
93,Taite Grayling,tgrayling2k@wunderground.com,M,$31472.62
94,Chiarra Pacey,cpacey2l@alexa.com,F,$40416.87
95,Mathilde Frank,mfrank2m@ucsd.edu,F,$25515.81
96,Caesar Thorbon,cthorbon2n@nymag.com,M,$32332.00
97,Levi Henbury,lhenbury2o@nature.com,M,$16568.66
98,Babb Bointon,bbointon2p@chron.com,M,$37943.03
99,Lucky Marcussen,lmarcussen2q@odnoklassniki.ru,F,$16389.69
100,Josy Edlington,jedlington2r@prnewswire.com,F,$28575.84
101,Adan Begent,abegent2s@lycos.com,M,
102,Eachelle Noice,enoice2t@army.mil,M,
103,Patsy Turle,pturle2u@senate.gov,M,$25937.65
104,Jojo Verson,jverson2v@pen.io,F,
105,Lutero Arendt,larendt2w@privacy.gov.au,F,
106,Seth Aneley,saneley2x@spotify.com,M,$10616.74
107,Pauly Coote,pcoote2y@tinypic.com,F,$41912.52
108,Kristyn Spratley,kspratley2z@cdc.gov,F,$16747.21
109,Amy Barhems,abarhems30@google.it,M,$35533.30
110,Renata Davitt,rdavitt31@oaic.gov.au,F,$46208.75
111,Barby Yakubovich,byakubovich32@printfriendly.com,M,$17947.68
112,Salli Davana,sdavana33@gravatar.com,F,$18285.06
113,Brannon Allden,ballden34@nyu.edu,M,$47527.91
114,Alfons Liebermann,aliebermann35@narod.ru,F,$17293.22
115,Alphonso Hinckesman,ahinckesman36@prweb.com,F,$40965.18
116,Shelley Leibold,sleibold37@mysql.com,F,$18539.86
117,Herby Cobden,hcobden38@sourceforge.net,F,$44113.13
118,Corliss Groneway,cgroneway39@economist.com,M,$17581.93
119,Aubrette Friary,afriary3a@nifty.com,F,$35307.06
120,Robina Nason,rnason3b@engadget.com,M,$27647.14
121,Gerek Chadbourne,gchadbourne3c@cnbc.com,M,$49844.25
122,Denise Wodeland,dwodeland3d@wordpress.org,F,$11197.39
123,Bartolemo Galliard,bgalliard3e@google.de,F,$41319.62
124,Kellen Coombs,kcoombs3f@sciencedirect.com,M,$44445.52
125,Nathalie Snasel,nsnasel3g@mediafire.com,F,$35458.95
126,Domeniga Habberjam,dhabberjam3h@time.com,M,$48802.34
127,Nannette Winckles,nwinckles3i@zimbio.com,M,$32042.00
128,Damara Glassard,dglassard3j@hatena.ne.jp,M,$45622.56
129,Albertina Grosvenor,agrosvenor3k@amazon.co.uk,F,
130,Aron Coombe,acoombe3l@xinhuanet.com,M,
131,Eva Gyorffy,egyorffy3m@cmu.edu,F,$48937.94
132,Ogdon Alcalde,oalcalde3n@java.com,F,$40060.95
133,Myrna Muro,mmuro3o@issuu.com,F,
134,Alard Boughey,aboughey3p@bing.com,F,$14111.57
135,Malachi MacAllester,mmacallester3q@microsoft.com,F,
136,Irita Rozea,irozea3r@addthis.com,F,$31544.78
137,Cobb Blaber,cblaber3s@liveinternet.ru,M,$18716.52
138,Jayme Meiner,jmeiner3t@istockphoto.com,F,$26789.84
139,Lorilyn Aspenlon,laspenlon3u@rambler.ru,M,$10849.76
140,Hartley Donaghy,hdonaghy3v@umn.edu,M,$20380.47
141,Dianna Gheeraert,dgheeraert3w@wisc.edu,F,$40636.82
142,Papagena Cunnell,pcunnell3x@simplemachines.org,M,$43594.62
143,Lief Goldfinch,lgoldfinch3y@pbs.org,F,$20853.84
144,Hanan Francom,hfrancom3z@qq.com,M,$34958.69
145,Law Marshland,lmarshland40@com.com,M,
146,Edsel Fitzpayn,efitzpayn41@nymag.com,F,
147,Babb Marsham,bmarsham42@umich.edu,M,
148,Carlynn Gallehawk,cgallehawk43@vimeo.com,F,$21036.61
149,Brion Gilvear,bgilvear44@usda.gov,M,$40609.25
150,Eugenie Bickerdicke,ebickerdicke45@free.fr,F,$14556.54
151,Terra Brandenberg,tbrandenberg46@macromedia.com,M,$47059.63
152,Kathye Delleschi,kdelleschi47@icq.com,M,$36245.54
153,Chiquia Garred,cgarred48@cbslocal.com,M,
154,Drugi Barribal,dbarribal49@cnn.com,M,$11985.34
155,Joe Golson,jgolson4a@va.gov,M,$13350.36
156,Talia Park,tpark4b@nih.gov,F,$20279.48
157,Kip Vasnetsov,kvasnetsov4c@flickr.com,F,$27767.07
158,Gayler Frost,gfrost4d@cnbc.com,F,
159,Kylila Gersam,kgersam4e@salon.com,F,$24782.82
160,Tony Dillinton,tdillinton4f@newsvine.com,F,$41604.52
161,Bryana Tungate,btungate4g@com.com,M,$37307.75
162,Ashlan Codi,acodi4h@sciencedirect.com,F,$33917.20
163,Charity Wrathall,cwrathall4i@mapquest.com,F,$42214.54
164,Charmine Moseley,cmoseley4j@sbwire.com,F,$17775.42
165,Maddie Morilla,mmorilla4k@imdb.com,M,$22616.94
166,Verne Kurdani,vkurdani4l@boston.com,M,$41206.72
167,Brittani Liddicoat,bliddicoat4m@sitemeter.com,F,
168,Nealon Domenici,ndomenici4n@reddit.com,F,$49372.36
169,Greggory Kubacki,gkubacki4o@tumblr.com,M,
170,Garth Piele,gpiele4p@nsw.gov.au,F,$37649.95
171,Marice Walshe,mwalshe4q@icq.com,M,$31983.64
172,Paul Fearns,pfearns4r@gizmodo.com,M,$25189.87
173,Milicent Rhoddie,mrhoddie4s@g.co,M,$18868.28
174,Auberta Champken,achampken4t@who.int,M,$19459.66
175,Bealle Jacson,bjacson4u@ucoz.com,F,$41385.61
176,Andriette Abrashkin,aabrashkin4v@google.ca,F,$46450.87
177,Danna Woodroffe,dwoodroffe4w@mit.edu,M,$38192.53
178,Carey Thicking,cthicking4x@sourceforge.net,F,$49410.40
179,Bella Grief,bgrief4y@tripadvisor.com,M,$44010.73
180,Osbert Eefting,oeefting4z@pinterest.com,F,$19833.49
181,Roseann Wonter,rwonter50@tinyurl.com,M,$45130.63
182,Niles Lesly,nlesly51@tinypic.com,M,$13976.73
183,Timothea Dumbare,tdumbare52@xing.com,F,$35377.95
184,Kristina Leyrroyd,kleyrroyd53@redcross.org,F,$25323.35
185,Jsandye Gilhouley,jgilhouley54@wufoo.com,M,$43401.66
186,Heddi Snar,hsnar55@biblegateway.com,M,
187,Alexander Scraggs,ascraggs56@elpais.com,M,$25129.87
188,Hadrian Janek,hjanek57@aol.com,F,$35227.47
189,Marline Beenham,mbeenham58@zdnet.com,M,$37634.50
190,Nicolai Scoggin,nscoggin59@bloglines.com,F,$16099.44
191,Kippy Pedican,kpedican5a@prlog.org,M,
192,Townie Stelli,tstelli5b@boston.com,F,
193,Dallas Burriss,dburriss5c@gmpg.org,M,$11984.83
194,Celesta Kidner,ckidner5d@ehow.com,F,$22864.81
195,Peadar Stambridge,pstambridge5e@moonfruit.com,M,
196,Freddie Bowller,fbowller5f@sitemeter.com,F,$31473.17
197,Stella Gear,sgear5g@alexa.com,M,$22666.29
198,Toddie Kleinbaum,tkleinbaum5h@a8.net,F,
199,Stearne Nutbrown,snutbrown5i@skype.com,F,
200,Enrico Ulyet,eulyet5j@seesaa.net,F,$13158.65
201,Luisa Vlasenko,lvlasenko5k@ox.ac.uk,M,$21768.14
202,Kathi Reynault,kreynault5l@goodreads.com,M,$25545.87
203,Oliver Jikovsky,ojikovsky5m@icq.com,F,$20066.84
204,Andrus Pridmore,apridmore5n@behance.net,M,$37273.42
205,Gael Somerlie,gsomerlie5o@washington.edu,F,$38479.29
206,Catrina Tuerena,ctuerena5p@histats.com,M,$31828.51
207,Stephi Slowgrove,sslowgrove5q@reverbnation.com,M,$38743.60
208,Pippa Chattington,pchattington5r@instagram.com,M,
209,Isaiah Saurin,isaurin5s@discuz.net,F,$48161.59
210,Frederica Greenshields,fgreenshields5t@vistaprint.com,M,$10342.47
211,Leontine Jacobsohn,ljacobsohn5u@joomla.org,F,
212,Adria Haspineall,ahaspineall5v@dagondesign.com,F,$14588.57
213,Rutherford Cuniffe,rcuniffe5w@webnode.com,F,$28283.56
214,Coraline Boggis,cboggis5x@examiner.com,F,
215,Karoly Flooks,kflooks5y@woothemes.com,F,$32678.88
216,Iris Maycey,imaycey5z@noaa.gov,F,$44585.02
217,Michel Maund,mmaund60@cam.ac.uk,F,$38942.86
218,Iago Drury,idrury61@techcrunch.com,F,$34141.28
219,Glen Weiser,gweiser62@omniture.com,M,
220,Savina Studart,sstudart63@twitpic.com,M,$30729.98
221,Ricki Martynikhin,rmartynikhin64@patch.com,M,$21878.43
222,Albina Rayburn,arayburn65@qq.com,F,$43052.95
223,Kakalina Reany,kreany66@unicef.org,M,$16057.61
224,Coralyn Pauletti,cpauletti67@live.com,F,
225,Cassandry Tather,ctather68@deviantart.com,F,$22479.99
226,Josie Harry,jharry69@studiopress.com,F,$19713.86
227,Windham Fredy,wfredy6a@economist.com,F,
228,Conny Yekel,cyekel6b@mozilla.org,F,$29508.69
229,Rae Cracknell,rcracknell6c@hc360.com,M,$24748.96
230,Kerianne Dennett,kdennett6d@about.me,M,$12995.85
231,Artemas Khadir,akhadir6e@springer.com,F,$19594.18
232,Gardy Danit,gdanit6f@youku.com,F,$19505.98
233,Oswald Bedlington,obedlington6g@furl.net,F,$27767.53
234,Jeniece Pittman,jpittman6h@ucsd.edu,F,$28737.69
235,Darn Messenbird,dmessenbird6i@rakuten.co.jp,M,$12224.73
236,Stefania Fysh,sfysh6j@accuweather.com,M,$39809.32
237,Ermin Scallon,escallon6k@last.fm,F,
238,Giffie Chidler,gchidler6l@hexun.com,F,$16476.79
239,Rachel Kunz,rkunz6m@reference.com,M,$17739.18
240,Willow Huyge,whuyge6n@last.fm,M,$31698.58
241,Mattheus Wightman,mwightman6o@google.es,M,$29590.66
242,Penny Bloys,pbloys6p@unesco.org,F,
243,Bevon Stubbings,bstubbings6q@usnews.com,M,$46294.42
244,Bartholemy Draco,bdraco6r@youtube.com,F,$42120.50
245,Lotta Degnen,ldegnen6s@github.com,M,$31933.05
246,Dawna Jeffree,djeffree6t@mac.com,F,$20374.03
247,Thor Cashin,tcashin6u@blogs.com,M,$22632.04
248,Giulio Peckett,gpeckett6v@g.co,M,$37072.79
249,Roshelle Guisler,rguisler6w@ucoz.com,F,
250,Kerrill Paoloni,kpaoloni6x@typepad.com,M,$43378.23
251,Shelba De la Perrelle,sde6y@youku.com,M,$26377.26
252,Rosemaria Jeanes,rjeanes6z@yahoo.com,M,$16229.59
253,Farley Marnes,fmarnes70@ucoz.ru,M,$14415.05
254,Nicko Gascoine,ngascoine71@jigsy.com,M,$49803.46
255,Debbi Deane,ddeane72@patch.com,M,$35597.52
256,Brewer Trevethan,btrevethan73@webeden.co.uk,M,$20956.51
257,Cissy Biever,cbiever74@mashable.com,M,$25321.13
258,Vikki Lilywhite,vlilywhite75@engadget.com,F,$28708.22
259,Jerad Orrocks,jorrocks76@constantcontact.com,F,
260,Channa Neylon,cneylon77@china.com.cn,M,$39011.79
261,Andrej Dimitriades,adimitriades78@furl.net,M,$41334.57
262,Karlik Storr,kstorr79@scribd.com,M,$28829.81
263,Ebba Newis,enewis7a@oracle.com,F,$39885.75
264,Arturo Digle,adigle7b@jiathis.com,F,$28483.29
265,Bard Belfrage,bbelfrage7c@bizjournals.com,F,$44996.04
266,Dniren Southgate,dsouthgate7d@whitehouse.gov,M,$27423.18
267,Corrina Stroban,cstroban7e@reuters.com,M,$18834.72
268,Shelton Simnor,ssimnor7f@abc.net.au,M,$44099.22
269,Gerti Lilly,glilly7g@noaa.gov,M,$34067.80
270,Kaye Dangl,kdangl7h@fc2.com,F,$35340.29
271,Witty Culpin,wculpin7i@vimeo.com,M,$25894.59
272,Krystle Aseef,kaseef7j@buzzfeed.com,F,$44853.88
273,Elsie Piotr,epiotr7k@zdnet.com,M,$22426.26
274,Sunshine Clementson,sclementson7l@netlog.com,F,$31956.11
275,Ruddie Diggar,rdiggar7m@ovh.net,M,$21808.06
276,Wallace Rodell,wrodell7n@eventbrite.com,M,$24412.48
277,Tybie Vaskov,tvaskov7o@dell.com,F,$34925.83
278,Blakelee Hassall,bhassall7p@sun.com,F,
279,Dilly Connichie,dconnichie7q@bigcartel.com,M,$24866.94
280,Aviva Aslott,aaslott7r@aol.com,M,$29702.43
281,Rubina Sockell,rsockell7s@patch.com,F,
282,Dwain Dunstone,ddunstone7t@mit.edu,M,$29386.58
283,Jean Manach,jmanach7u@reuters.com,M,$43944.28
284,Steffane Layburn,slayburn7v@bluehost.com,M,$40540.85
285,Susann Freak,sfreak7w@huffingtonpost.com,M,$26573.75
286,Jervis Clemendet,jclemendet7x@cyberchimps.com,M,$49340.30
287,Brian Giacopetti,bgiacopetti7y@nba.com,M,
288,Kari Venmore,kvenmore7z@princeton.edu,M,$43733.19
289,Cacilie Burridge,cburridge80@nifty.com,M,$34008.99
290,Aurie Odo,aodo81@yandex.ru,M,$27773.88
291,Christophe Thow,cthow82@tripod.com,M,$43397.87
292,Corri Lanahan,clanahan83@europa.eu,F,$13683.61
293,Corina Arsnell,carsnell84@va.gov,M,$45639.04
294,Gill Shelborne,gshelborne85@princeton.edu,M,$48476.90
295,Pacorro Hogbin,phogbin86@reverbnation.com,F,
296,Chariot Pettinger,cpettinger87@privacy.gov.au,M,$10465.36
297,Coretta Belvard,cbelvard88@flickr.com,M,$36271.19
298,Felice Haggata,fhaggata89@mapy.cz,F,$47319.82
299,Durante Drewery,ddrewery8a@xrea.com,M,$27192.70
300,Micky Dranfield,mdranfield8b@shutterfly.com,F,$47953.26
301,Bendix McTeggart,bmcteggart8c@unicef.org,M,$44296.68
302,Megen Frohock,mfrohock8d@xing.com,F,$27602.25
303,Evita Kellington,ekellington8e@liveinternet.ru,F,$41103.33
304,Hardy Fritschmann,hfritschmann8f@spiegel.de,F,$27068.84
305,Solly Le Fevre,sle8g@blogtalkradio.com,F,$41854.58
306,Lemmie Cicconetti,lcicconetti8h@wikia.com,M,$41029.08
307,Sapphira Jindrich,sjindrich8i@gnu.org,M,$23330.31
308,Reed Corrado,rcorrado8j@altervista.org,M,
309,Roana Ivey,rivey8k@studiopress.com,M,$29446.03
310,Mikaela Bush,mbush8l@unicef.org,M,$19394.45
311,Wilmette Stelljes,wstelljes8m@berkeley.edu,F,$19094.24
312,Miller Briance,mbriance8n@state.gov,M,$31590.63
313,Wyn Pennings,wpennings8o@chicagotribune.com,M,$31905.33
314,Ennis Hovie,ehovie8p@pcworld.com,F,$36486.84
315,Simeon Dinnington,sdinnington8q@nhs.uk,M,$12484.28
316,Regen Pittwood,rpittwood8r@ted.com,M,
317,Urbanus Gritskov,ugritskov8s@youtu.be,M,$46618.00
318,Abdel Geere,ageere8t@admin.ch,F,$11870.87
319,Ninette Wordley,nwordley8u@google.co.jp,M,$23787.54
320,Eirena Baume,ebaume8v@t-online.de,F,$39164.40
321,Nissa Dicken,ndicken8w@yelp.com,F,$23229.06
322,Will Matten,wmatten8x@virginia.edu,F,$16388.46
323,Elvis Shoebridge,eshoebridge8y@yolasite.com,F,
324,Yance Kearle,ykearle8z@usgs.gov,M,$13868.10
325,Carol Bertolaccini,cbertolaccini90@spotify.com,F,$47082.08
326,Filberto Goodier,fgoodier91@1688.com,F,$13711.93
327,Ceciley Boland,cboland92@indiegogo.com,F,
328,Thebault Orknay,torknay93@merriam-webster.com,M,$17977.26
329,Rollins Falcus,rfalcus94@umich.edu,M,$17539.40
330,Shea MacCrosson,smaccrosson95@a8.net,M,
331,Cly McBain,cmcbain96@harvard.edu,M,$40403.60
332,Beryl Woolerton,bwoolerton97@cbslocal.com,M,$18949.01
333,Chariot Minard,cminard98@dropbox.com,M,$22739.27
334,Gaye Hoonahan,ghoonahan99@ow.ly,F,$33916.65
335,Cosimo Brisco,cbrisco9a@state.gov,F,$16764.59
336,Godfree Oldroyde,goldroyde9b@earthlink.net,F,$40882.62
337,Bud Wellsman,bwellsman9c@chronoengine.com,F,
338,Wade Agron,wagron9d@hexun.com,F,
339,Tabbitha Aasaf,taasaf9e@wp.com,F,$15080.52
340,Dorris Cribbott,dcribbott9f@de.vu,F,$32392.02
341,Phoebe Mc Caghan,pmc9g@rediff.com,F,$34296.92
342,Felice Hrishanok,fhrishanok9h@newsvine.com,F,
343,Suzy Gayton,sgayton9i@google.com.br,M,$43629.64
344,Wynn Mannock,wmannock9j@fda.gov,M,$45957.65
345,Trent Klaus,tklaus9k@list-manage.com,F,$28720.26
346,Cole Kamen,ckamen9l@dailymotion.com,M,$49449.19
347,Billie Sisey,bsisey9m@dion.ne.jp,M,$23484.59
348,Josh MacRedmond,jmacredmond9n@admin.ch,M,$25212.81
349,Sinclair Healey,shealey9o@newyorker.com,M,$39920.06
350,Maddy Kilgallon,mkilgallon9p@dell.com,M,$45115.86
351,Douglass Allbut,dallbut9q@geocities.com,M,$34484.66
352,Thorny Pimblott,tpimblott9r@nbcnews.com,M,
353,Micki Goldsbury,mgoldsbury9s@myspace.com,M,$19189.29
354,Ignacio Mallall,imallall9t@stanford.edu,M,$43738.17
355,Thorstein D'Angeli,tdangeli9u@sohu.com,M,$37020.54
356,Reece Kerwen,rkerwen9v@samsung.com,F,$49457.37
357,Garrik Geare,ggeare9w@illinois.edu,M,$10157.08
358,Fredrick Gowdridge,fgowdridge9x@so-net.ne.jp,F,$17609.07
359,Lorant Vinas,lvinas9y@go.com,M,$26541.88
360,Maude Baradel,mbaradel9z@wisc.edu,F,$44343.95
361,Iain MacFall,imacfalla0@digg.com,F,
362,Nataline Jacke,njackea1@businesswire.com,F,$21990.48
363,Emera Livesay,elivesaya2@jigsy.com,M,$26356.24
364,Whitaker McGarrie,wmcgarriea3@wisc.edu,M,$41990.89
365,Josee Clemencet,jclemenceta4@jiathis.com,M,$49852.45
366,Brigid Stilliard,bstilliarda5@e-recht24.de,M,
367,Noami Bellefant,nbellefanta6@themeforest.net,M,
368,Phillis Trevascus,ptrevascusa7@mediafire.com,F,$43552.64
369,Brok Mariolle,bmariollea8@bbc.co.uk,F,$34329.05
370,Rolando Badam,rbadama9@digg.com,M,$43453.57
371,Ingaborg Monck,imonckaa@marketwatch.com,F,$33390.69
372,Golda Dimitru,gdimitruab@fc2.com,F,
373,Bevon Gunning,bgunningac@blogger.com,M,
374,Phebe Thulborn,pthulbornad@shop-pro.jp,F,$32870.12
375,Claudian Philippet,cphilippetae@cbslocal.com,F,$27177.06
376,Linn Sidary,lsidaryaf@edublogs.org,M,$31857.78
377,Gloriane Kramer,gkramerag@noaa.gov,M,$18246.53
378,Elayne MacIllrick,emacillrickah@indiegogo.com,F,
379,Gordan De La Coste,gdeai@reference.com,F,$36929.56
380,Ralph Tinline,rtinlineaj@godaddy.com,F,$48218.22
381,Tera Dahlen,tdahlenak@shop-pro.jp,F,$46703.93
382,Leoine Awdry,lawdryal@dot.gov,F,$44743.24
383,Nata Merrisson,nmerrissonam@so-net.ne.jp,F,$34394.65
384,Linette Heintzsch,lheintzschan@addthis.com,F,$19754.25
385,Dorri Ivashinnikov,divashinnikovao@hexun.com,M,$30743.11
386,Rosalinde Tofpik,rtofpikap@livejournal.com,M,$15390.08
387,Carmina Enstone,censtoneaq@e-recht24.de,F,$18664.12
388,Tannie Dener,tdenerar@cnbc.com,M,$11217.87
389,Roxanna Mashro,rmashroas@epa.gov,F,$47223.42
390,Lewes Greensted,lgreenstedat@webnode.com,F,$31572.28
391,Norina Miskin,nmiskinau@photobucket.com,M,$13786.61
392,Giffy Linnit,glinnitav@posterous.com,F,$37817.84
393,Carlos Rothery,crotheryaw@cnbc.com,F,$10539.26
394,Lissi Meriott,lmeriottax@mlb.com,F,$34131.04
395,Devi Meus,dmeusay@acquirethisname.com,F,$31168.29
396,Dacie Sexcey,dsexceyaz@arizona.edu,M,$25045.09
397,Corene Guerola,cguerolab0@gizmodo.com,F,$12904.16
398,Brant Swaffield,bswaffieldb1@guardian.co.uk,M,
399,Theresa Oakwell,toakwellb2@networkadvertising.org,F,$46109.95
400,Base Morling,bmorlingb3@noaa.gov,F,$15929.22
401,Letta Janos,ljanosb4@flickr.com,M,$18278.85
402,Xenos Martyns,xmartynsb5@mail.ru,F,
403,Egbert Coolican,ecoolicanb6@yellowbook.com,M,$42966.86
404,Sharl Shorbrook,sshorbrookb7@umich.edu,M,$27911.58
405,Rowen Noad,rnoadb8@hp.com,M,
406,Arlena Illingworth,aillingworthb9@stanford.edu,M,$13042.96
407,Andria Gillian,agillianba@phoca.cz,F,$23209.45
408,Orelie Latchford,olatchfordbb@themeforest.net,F,$23089.53
409,Nikkie Splaven,nsplavenbc@theatlantic.com,M,$26079.53
410,Van Pring,vpringbd@g.co,F,
411,Ursula Rookeby,urookebybe@networksolutions.com,M,
412,Loydie Carwithim,lcarwithimbf@sbwire.com,F,$46074.94
413,Sherrie Longwood,slongwoodbg@parallels.com,F,$36853.36
414,Grace Elcom,gelcombh@hugedomains.com,F,$19703.66
415,Valeda Malser,vmalserbi@miitbeian.gov.cn,M,$49047.71
416,Maressa Alvaro,malvarobj@elegantthemes.com,M,$22359.57
417,Davida Wreath,dwreathbk@bbc.co.uk,F,$42216.24
418,Scot Beslier,sbeslierbl@scribd.com,F,$37453.99
419,Wanids Apfler,wapflerbm@java.com,M,$44004.83
420,Son Yapp,syappbn@furl.net,F,$14035.49
421,Cosmo Grumell,cgrumellbo@topsy.com,F,$48936.10
422,Imogene Clipson,iclipsonbp@umn.edu,F,$35053.11
423,Patricio Sancroft,psancroftbq@sbwire.com,F,$24629.79
424,Brewster Blackborow,bblackborowbr@npr.org,M,$13603.02
425,Ryann Smeaton,rsmeatonbs@amazon.co.jp,F,$30421.66
426,Mortie Costelow,mcostelowbt@people.com.cn,M,$39720.36
427,Patricio Alsford,palsfordbu@epa.gov,M,$49610.30
428,Tristan Stanes,tstanesbv@army.mil,M,
429,Dene Croose,dcroosebw@infoseek.co.jp,M,$23340.00
430,Chad Haycroft,chaycroftbx@paypal.com,F,$35688.31
431,Marnie Nelles,mnellesby@cbsnews.com,F,$17362.31
432,Allix Carillo,acarillobz@zdnet.com,F,
433,Tabby Ties,ttiesc0@weather.com,M,$34481.84
434,Saw Harkes,sharkesc1@latimes.com,F,$25299.64
435,Clarke Simmell,csimmellc2@dyndns.org,F,$10248.50
436,Rowney Stone Fewings,rstonec3@myspace.com,F,$24998.06
437,Jourdain Barnshaw,jbarnshawc4@vistaprint.com,F,$25818.57
438,Dilan Streeting,dstreetingc5@comsenz.com,M,
439,Timmie Summerskill,tsummerskillc6@indiegogo.com,M,
440,Brittaney Borley,bborleyc7@multiply.com,M,$13710.10
441,Jilleen Camillo,jcamilloc8@businessinsider.com,F,$35373.40
442,Kinny Aitken,kaitkenc9@drupal.org,M,$43112.18
443,Tuckie Dolder,tdolderca@theguardian.com,M,
444,Anders Dicke,adickecb@discovery.com,F,$45183.90
445,Gwendolin Woodier,gwoodiercc@amazon.com,M,
446,Noni Djekic,ndjekiccd@ocn.ne.jp,F,$18313.84
447,Uriel Yannikov,uyannikovce@hp.com,M,$19544.87
448,Thalia Epton,teptoncf@free.fr,F,$29962.74
449,Sissie Hewlings,shewlingscg@mapy.cz,M,$41971.72
450,Hinze Pucker,hpuckerch@nature.com,M,$37459.54
451,Kelsey Singleton,ksingletonci@themeforest.net,F,
452,Neddie Trendle,ntrendlecj@timesonline.co.uk,F,$22828.31
453,Aguste Gorelli,agorellick@google.pl,F,$38284.03
454,Warden Gonzalez,wgonzalezcl@1und1.de,F,$35235.35
455,Vinny Domnin,vdomnincm@oracle.com,F,
456,Sammie Rodway,srodwaycn@mapy.cz,M,$39324.41
457,Andrew Jays,ajaysco@addthis.com,M,$25788.38
458,Silvan Bewley,sbewleycp@i2i.jp,M,$15607.59
459,Filip Gotthard.sf,fgotthardsfcq@ucoz.ru,M,
460,Katheryn Ingold,kingoldcr@census.gov,M,$22477.70
461,Melosa Wyles,mwylescs@mayoclinic.com,F,$10284.06
462,Ruperto Robiou,rrobiouct@paypal.com,F,$38903.21
463,Thedric Clevely,tclevelycu@exblog.jp,F,
464,Flemming Lewsam,flewsamcv@slate.com,M,$41988.32
465,Fayth Adame,fadamecw@mit.edu,F,$21123.96
466,Justis Quarless,jquarlesscx@mozilla.org,F,$25872.35
467,Leonelle Cowdery,lcowderycy@businessweek.com,F,$19636.66
468,Jarred Duffil,jduffilcz@constantcontact.com,M,$49825.29
469,Colas Fey,cfeyd0@netscape.com,F,$25415.07
470,Katerine Spinola,kspinolad1@geocities.jp,M,
471,Ruthy Wildash,rwildashd2@eepurl.com,F,$34792.62
472,Cleveland Stuckley,cstuckleyd3@rambler.ru,M,$19831.57
473,Berna Spincks,bspincksd4@vimeo.com,F,$11159.67
474,Isak Ragge,iragged5@mayoclinic.com,F,$45091.82
475,Avivah Tatlow,atatlowd6@nymag.com,M,$34855.58
476,Eugine Sympson,esympsond7@guardian.co.uk,F,$11402.12
477,Nissa Ventom,nventomd8@java.com,M,$45871.24
478,Sal Boynes,sboynesd9@mit.edu,F,$41216.02
479,Carr Tillett,ctillettda@examiner.com,F,
480,Robbert Streeting,rstreetingdb@moonfruit.com,M,$29548.44
481,Brander Warrior,bwarriordc@plala.or.jp,F,$33491.83
482,Louis Huyhton,lhuyhtondd@cbslocal.com,M,
483,Bo Splevins,bsplevinsde@scribd.com,F,$17067.46
484,Silvanus Gillard,sgillarddf@yahoo.com,F,$14531.48
485,Bartholomeus Ege,begedg@lulu.com,F,$31412.87
486,Ardys Paradyce,aparadycedh@soundcloud.com,F,$38192.35
487,Michaelina Renbold,mrenbolddi@apache.org,M,$46386.57
488,Colman Fulker,cfulkerdj@opensource.org,F,$48252.07
489,Janice Greenlees,jgreenleesdk@state.gov,F,$29444.02
490,Garwood Drugan,gdrugandl@harvard.edu,M,$16119.46
491,Kellen Mussolini,kmussolinidm@illinois.edu,M,$42626.59
492,Fawne Gillitt,fgillittdn@discovery.com,F,$21703.56
493,Hedda Downton,hdowntondo@ca.gov,F,$40222.46
494,Cristin Dawley,cdawleydp@cpanel.net,F,$28111.13
495,Cassie Kemmet,ckemmetdq@csmonitor.com,F,
496,Jade Josephov,jjosephovdr@bandcamp.com,M,$34841.20
497,Donielle Chaudret,dchaudretds@cbc.ca,F,$10267.71
498,Rudyard Allberry,rallberrydt@cbsnews.com,M,$41727.16
499,Cristabel Olander,colanderdu@constantcontact.com,M,$44801.97
500,Renata Caslett,rcaslettdv@jimdo.com,M,$23160.51
501,Marven Leathlay,mleathlaydw@bluehost.com,F,$48583.65
502,Myrta Vant,mvantdx@so-net.ne.jp,F,$14430.05
503,Boigie Francescozzi,bfrancescozzidy@nydailynews.com,F,$18030.74
504,Chryste Caroli,ccarolidz@marketwatch.com,F,$19205.70
505,Akim Murford,amurforde0@icq.com,M,$39844.09
506,Zabrina Bellows,zbellowse1@nymag.com,M,$17471.82
507,Neila Sushams,nsushamse2@phoca.cz,F,$34276.63
508,Dionisio Borley,dborleye3@homestead.com,F,$43523.18
509,Jessamine Dutnell,jdutnelle4@intel.com,M,
510,Tremayne Bohlens,tbohlense5@economist.com,M,$20056.44
511,Vinson Greenlees,vgreenleese6@bbc.co.uk,F,$23037.13
512,Emalee Swinglehurst,eswinglehurste7@eventbrite.com,M,$16906.98
513,Margalit Ruddy,mruddye8@hugedomains.com,F,$25343.08
514,Bron Asling,baslinge9@deliciousdays.com,M,$16745.97
515,Seward Perello,sperelloea@google.it,F,$25754.75
516,Serge Nobbs,snobbseb@fema.gov,F,$24684.72
517,Koo Purdey,kpurdeyec@yolasite.com,F,$37425.40
518,Devondra Spedding,dspeddinged@examiner.com,F,$23064.67
519,Samson Wellbelove,swellbeloveee@w3.org,F,$48298.29
520,Alberta Vallack,avallackef@ustream.tv,F,$13966.09
521,Lois Bayley,lbayleyeg@salon.com,M,$40049.68
522,Myrta Dibben,mdibbeneh@elegantthemes.com,M,$29248.79
523,Conway McOrkil,cmcorkilei@sciencedirect.com,F,$36045.27
524,Luis Baine,lbaineej@creativecommons.org,M,$34004.02
525,Louis La Vigne,llaek@hc360.com,F,$32777.20
526,Thorny Floris,tflorisel@creativecommons.org,F,$41714.82
527,Minnie Hannond,mhannondem@berkeley.edu,F,$33981.98
528,Revkah Vallis,rvallisen@ftc.gov,F,$11923.06
529,Gisella Szapiro,gszapiroeo@furl.net,F,$26231.16
530,Rozalin Benfield,rbenfieldep@wufoo.com,M,$29733.12
531,Geoffrey Lawie,glawieeq@dailymail.co.uk,F,$15887.29
532,Darsie Gleeson,dgleesoner@telegraph.co.uk,M,$33444.08
533,Charlotta Wadhams,cwadhamses@wunderground.com,M,$22688.08
534,Emili Carnihan,ecarnihanet@examiner.com,M,$10213.53
535,Mirabel Gotts,mgottseu@sina.com.cn,F,$46112.47
536,Artie Suddell,asuddellev@wordpress.org,M,$32991.89
537,Nathanael Rosenbush,nrosenbushew@google.ca,M,
538,Katrina Corcut,kcorcutex@myspace.com,F,$45705.70
539,Dorey Minnette,dminnetteey@howstuffworks.com,M,$30334.02
540,Elliot Barg,ebargez@free.fr,M,$28288.74
541,Merill Roscamp,mroscampf0@xrea.com,M,$39023.97
542,Horace Boraston,hborastonf1@un.org,M,$33325.11
543,Dyanna Emloch,demlochf2@ebay.com,F,$27963.37
544,Elie Newiss,enewissf3@cocolog-nifty.com,M,$17316.05
545,Debi Balk,dbalkf4@miibeian.gov.cn,M,$26319.38
546,Otto Dasent,odasentf5@wsj.com,F,$12115.56
547,Erasmus Reekie,ereekief6@fema.gov,M,$23034.48
548,Ronnie Bertenshaw,rbertenshawf7@uol.com.br,M,$31171.28
549,Marlo Venner,mvennerf8@yahoo.com,M,$44165.80
550,Richmound Benstead,rbensteadf9@imdb.com,F,$14537.55
551,Aubrette Buckby,abuckbyfa@un.org,F,
552,Conny Dayce,cdaycefb@salon.com,F,$35440.34
553,Enrica Wilcocks,ewilcocksfc@arstechnica.com,M,$30181.25
554,Kym Yourell,kyourellfd@phoca.cz,M,$10840.53
555,Piper Fader,pfaderfe@shareasale.com,F,$27158.36
556,Jaimie Creddon,jcreddonff@patch.com,M,$28556.92
557,Benita Cathie,bcathiefg@si.edu,M,$36066.44
558,Oliy Valasek,ovalasekfh@free.fr,M,$27712.05
559,Janene Glynn,jglynnfi@scientificamerican.com,M,
560,Eolanda d' Elboux,edfj@fc2.com,F,$33805.74
561,Gunther Impett,gimpettfk@xing.com,M,
562,Donny Cejka,dcejkafl@thetimes.co.uk,M,$25683.84
563,Dee dee Brigshaw,ddeefm@dyndns.org,F,$17673.47
564,Murray Boyfield,mboyfieldfn@opera.com,F,$15104.92
565,Rochell Rowaszkiewicz,rrowaszkiewiczfo@dion.ne.jp,M,$16202.34
566,Tess Goracci,tgoraccifp@opera.com,F,$43966.54
567,Mildrid Kenrick,mkenrickfq@harvard.edu,F,$32730.19
568,Imelda Rolfini,irolfinifr@elegantthemes.com,F,$10939.59
569,Dari Jacobsohn,djacobsohnfs@rambler.ru,M,$41140.75
570,Lucretia Lesor,llesorft@ycombinator.com,F,
571,Wynn Tolworthy,wtolworthyfu@nyu.edu,M,$47576.38
572,Dorena Mabley,dmableyfv@cocolog-nifty.com,F,$41001.01
573,Ezmeralda Ausello,eausellofw@census.gov,M,$40115.15
574,Sondra Marking,smarkingfx@yolasite.com,F,
575,Tonia Holwell,tholwellfy@census.gov,M,$45281.01
576,Truda Muselli,tmusellifz@soup.io,M,$36865.37
577,Ferguson Brickham,fbrickhamg0@ovh.net,M,$23871.14
578,Ellis Crudgington,ecrudgingtong1@yandex.ru,M,$33822.07
579,Cornelia Diggins,cdigginsg2@sitemeter.com,F,
580,Gaelan Bugge,gbuggeg3@tinyurl.com,M,$49230.52
581,Merilee Reynold,mreynoldg4@canalblog.com,M,$14069.76
582,Emelen Tallis,etallisg5@mtv.com,M,$21763.24
583,Barnard Pinckard,bpinckardg6@posterous.com,M,$13828.07
584,Salaidh Lakey,slakeyg7@wikispaces.com,F,$32203.75
585,Cindelyn Ashlin,cashling8@geocities.com,F,$21231.12
586,Skipper Danser,sdanserg9@upenn.edu,M,$14281.02
587,Elna Dowrey,edowreyga@scribd.com,M,$42742.88
588,Berte Ashborn,bashborngb@ovh.net,M,$29240.77
589,Atlante Bernaert,abernaertgc@intel.com,F,$38355.67
590,Hilario Coales,hcoalesgd@shutterfly.com,M,$48407.09
591,Quintus Maes,qmaesge@blogtalkradio.com,M,$37399.17
592,Osborne Ribbon,oribbongf@cisco.com,F,$23622.70
593,Jackie Trask,jtraskgg@economist.com,M,$18592.22
594,Stephanus Eustice,seusticegh@360.cn,M,$31441.85
595,Zack Doogue,zdooguegi@smh.com.au,M,
596,Mignon Beamson,mbeamsongj@friendfeed.com,F,
597,Kizzee Conre,kconregk@google.de,F,$43188.47
598,Alard Eltringham,aeltringhamgl@miibeian.gov.cn,F,$26368.66
599,Jeanne Garling,jgarlinggm@printfriendly.com,F,$46509.45
600,Brook Cullip,bcullipgn@domainmarket.com,F,
601,Roseanne Tompsett,rtompsettgo@weather.com,M,$19526.28
602,Marion Totaro,mtotarogp@diigo.com,F,$29118.44
603,Cariotta Symonds,csymondsgq@miibeian.gov.cn,F,
604,Aharon Redshaw,aredshawgr@miibeian.gov.cn,F,$18552.96
605,Jeane Weaving,jweavinggs@liveinternet.ru,M,$13968.01
606,Frankie Clamp,fclampgt@exblog.jp,F,$47274.81
607,Verine Harsent,vharsentgu@cafepress.com,M,$22152.65
608,Parrnell O'Scully,poscullygv@usgs.gov,F,$49566.42
609,Tove McWhirter,tmcwhirtergw@sina.com.cn,F,$10153.13
610,Kevon Begley,kbegleygx@cocolog-nifty.com,F,$35623.16
611,Ricoriki Filer,rfilergy@opensource.org,M,
612,Evelyn Shimmans,eshimmansgz@timesonline.co.uk,M,$36744.45
613,Eddy Gain,egainh0@qq.com,F,$24179.92
614,Aurel MacPeice,amacpeiceh1@mlb.com,F,$18022.18
615,Mathew Goodliff,mgoodliffh2@slashdot.org,F,$25097.79
616,Niven Wing,nwingh3@liveinternet.ru,M,$26989.69
617,Ulberto Cochrane,ucochraneh4@psu.edu,M,
618,Kippie Greveson,kgrevesonh5@businessinsider.com,M,$21012.51
619,Dorian Kennally,dkennallyh6@free.fr,M,
620,Saunderson Dyche,sdycheh7@archive.org,F,$45503.95
621,Murry Hitcham,mhitchamh8@histats.com,F,$25650.39
622,Riobard Minton,rmintonh9@amazon.de,F,$41858.59
623,Stepha Bernollet,sbernolletha@house.gov,M,$19495.29
624,Mason Heinicke,mheinickehb@mit.edu,M,$32488.49
625,Clayborne Ghilardini,cghilardinihc@surveymonkey.com,F,$22829.43
626,Joseph Greenroa,jgreenroahd@diigo.com,M,$11049.42
627,Jacquette Newcomen,jnewcomenhe@merriam-webster.com,F,$48449.69
628,Mandie Duckett,mducketthf@joomla.org,M,$23646.36
629,Dianne Stickells,dstickellshg@un.org,M,
630,Carla Itzhayek,citzhayekhh@addtoany.com,M,$37093.50
631,Eveleen Maidens,emaidenshi@wisc.edu,F,$15085.68
632,Catrina Stobo,cstobohj@mozilla.com,M,$23613.56
633,Theo Domino,tdominohk@taobao.com,M,$13288.88
634,Gnni Gurling,ggurlinghl@cnn.com,F,$16503.35
635,Trefor Zamudio,tzamudiohm@microsoft.com,F,
636,Filbert Gapp,fgapphn@webmd.com,F,$25637.85
637,Auberta Wickman,awickmanho@diigo.com,M,$35921.89
638,Camella Baily,cbailyhp@washingtonpost.com,F,$40943.11
639,Elise Otley,eotleyhq@myspace.com,M,$27116.35
640,Merci Farebrother,mfarebrotherhr@sohu.com,M,$19537.85
641,Lettie Tees,lteeshs@unc.edu,M,$12701.98
642,Leon Lefwich,llefwichht@ca.gov,F,$45798.37
643,Tiphany Gianulli,tgianullihu@symantec.com,M,$12113.51
644,Ogdan Pietrowski,opietrowskihv@auda.org.au,F,$14718.00
645,Lavinie Collidge,lcollidgehw@youtu.be,F,$12157.79
646,Teressa Meecher,tmeecherhx@amazon.de,F,$42216.27
647,Gordon Madgwick,gmadgwickhy@netscape.com,M,
648,Reyna Levet,rlevethz@flickr.com,M,$23561.74
649,Gaven Yurov,gyurovi0@scribd.com,M,$14253.01
650,Cosette Gocke,cgockei1@fastcompany.com,M,$22490.14
651,Dorice Izhakov,dizhakovi2@columbia.edu,M,$11643.36
652,Eddy Costain,ecostaini3@theguardian.com,M,
653,Valerie Shalliker,vshallikeri4@liveinternet.ru,F,$17486.98
654,Deidre Rihanek,drihaneki5@gizmodo.com,F,$45703.86
655,Yolande Harraway,yharrawayi6@github.com,M,$49681.97
656,Des Furmage,dfurmagei7@lulu.com,M,$10588.67
657,Karoline Van De Cappelle,kvani8@gov.uk,M,$23421.06
658,Inez Tieraney,itieraneyi9@linkedin.com,F,$23947.76
659,Renaldo Ownsworth,rownsworthia@dedecms.com,F,$18185.50
660,Erskine Haylands,ehaylandsib@squarespace.com,F,$44279.77
661,Sibel Petruska,spetruskaic@baidu.com,F,$31743.06
662,Johnette Bowart,jbowartid@businesswire.com,F,$34994.35
663,Noel Sainer,nsainerie@nps.gov,F,$47920.86
664,Rey Swanwick,rswanwickif@photobucket.com,M,$41484.96
665,Travus Humbell,thumbellig@1688.com,M,$32380.07
666,Catherin Bontein,cbonteinih@wikipedia.org,M,$47664.49
667,Munroe Jobey,mjobeyii@bandcamp.com,F,$26229.05
668,Dario McShee,dmcsheeij@cnn.com,M,$24413.88
669,Noah Lebbon,nlebbonik@house.gov,M,
670,Brod Condliffe,bcondliffeil@about.me,M,$16496.11
671,Evie Duns,edunsim@weibo.com,M,$17806.78
672,Corly MacTimpany,cmactimpanyin@cnn.com,F,
673,Kimberlee Mooreed,kmooreedio@pagesperso-orange.fr,M,$48970.11
674,Rivy Aarons,raaronsip@wired.com,M,$16279.66
675,Doroteya D'Aubney,ddaubneyiq@ted.com,F,$14603.74
676,Bobby Niblock,bniblockir@ucla.edu,M,$40640.46
677,Ruthi Deboick,rdeboickis@naver.com,M,$28428.75
678,Deerdre Summerly,dsummerlyit@cnbc.com,F,$47712.13
679,Morris Champagne,mchampagneiu@ustream.tv,M,$36766.61
680,Dona Roundtree,droundtreeiv@noaa.gov,F,
681,Panchito Ottley,pottleyiw@mozilla.org,M,$41402.74
682,Piper Shemmin,pshemminix@nature.com,M,$18832.74
683,Victor Harring,vharringiy@dropbox.com,F,$35313.39
684,Vladamir Ovid,vovidiz@mediafire.com,M,$29947.90
685,Con O'Brallaghan,cobrallaghanj0@yahoo.com,F,$44028.80
686,Tyne Bruinemann,tbruinemannj1@webmd.com,M,$33475.70
687,Billy Sloane,bsloanej2@amazon.co.jp,M,$14157.51
688,Lucine Bareham,lbarehamj3@dailymotion.com,M,
689,Susanne Petzolt,spetzoltj4@chron.com,F,$42408.02
690,Neill Faltskog,nfaltskogj5@ihg.com,M,$20033.80
691,Klarika Parradice,kparradicej6@prnewswire.com,F,
692,Joletta MacAughtrie,jmacaughtriej7@ucsd.edu,M,$34365.36
693,Doti Anthill,danthillj8@reverbnation.com,F,$23095.59
694,Cornelle Sigert,csigertj9@amazon.de,M,$30306.05
695,Jodi Gilvary,jgilvaryja@sogou.com,F,$48538.57
696,Hedvig Hammant,hhammantjb@yelp.com,M,$43680.38
697,Therese Clingoe,tclingoejc@spiegel.de,M,$41265.09
698,Rodolph Sneaker,rsneakerjd@twitpic.com,F,$33832.71
699,Tina Bicknell,tbicknellje@skype.com,F,$35149.49
700,Raddie Triswell,rtriswelljf@reverbnation.com,F,$13842.43
701,Lauren Trainer,ltrainerjg@army.mil,F,$23503.56
702,Foster Billington,fbillingtonjh@cbc.ca,F,$20251.20
703,Alden Chrichton,achrichtonji@toplist.cz,M,$13059.46
704,Davon Hampshaw,dhampshawjj@example.com,M,$28137.00
705,Weston Humbles,whumblesjk@lycos.com,M,$32577.40
706,Blanche Able,bablejl@intel.com,M,$19849.37
707,Neil Kleinholz,nkleinholzjm@meetup.com,F,$36167.69
708,Javier Arrighini,jarrighinijn@artisteer.com,F,
709,Thaddus Vallow,tvallowjo@mozilla.org,M,$27240.02
710,Aeriel Crufts,acruftsjp@noaa.gov,M,$44048.60
711,Saree Pawden,spawdenjq@mozilla.com,F,$20570.03
712,Mason Sanper,msanperjr@go.com,M,$23931.68
713,Karry Parman,kparmanjs@wordpress.org,F,$20929.60
714,Kathye Keford,kkefordjt@parallels.com,F,$20018.74
715,Killian Craigmyle,kcraigmyleju@marriott.com,F,$36214.65
716,Belvia Buckley,bbuckleyjv@cafepress.com,M,$39357.74
717,Bibbye Backson,bbacksonjw@hexun.com,M,
718,Baryram McKibben,bmckibbenjx@163.com,F,$35578.08
719,Tandy Parmer,tparmerjy@digg.com,M,$16367.64
720,Dacy Gazzard,dgazzardjz@archive.org,F,$36495.81
721,Josepha Vanne,jvannek0@google.it,F,$15552.92
722,Micah Valenta,mvalentak1@home.pl,M,$39204.12
723,Harald Laxton,hlaxtonk2@statcounter.com,F,$28108.67
724,Alicia Manwaring,amanwaringk3@china.com.cn,M,$24835.47
725,Sapphire D'Alessandro,sdalessandrok4@clickbank.net,F,$36382.34
726,Kelby Grain,kgraink5@nifty.com,M,$20579.56
727,Elizabeth Churcher,echurcherk6@icio.us,F,
728,Carce Dudley,cdudleyk7@ameblo.jp,M,$41952.09
729,Henrik Amott,hamottk8@google.co.uk,M,$28554.10
730,Jewelle Vaggs,jvaggsk9@privacy.gov.au,M,$46480.00
731,Milka Greim,mgreimka@chronoengine.com,M,
732,Ben Rollason,brollasonkb@mozilla.com,F,
733,Ginelle Cassely,gcasselykc@hao123.com,F,$21777.03
734,Sena Walls,swallskd@google.com.au,M,$27143.99
735,Niccolo Exposito,nexpositoke@angelfire.com,F,$16929.97
736,Lyndsay Gallimore,lgallimorekf@about.com,F,$31468.64
737,Everett Goulborne,egoulbornekg@fotki.com,M,$25351.57
738,Dagny Brummell,dbrummellkh@fema.gov,M,$12888.14
739,Beverley Seward,bsewardki@google.de,M,$35894.57
740,Fredra Lowery,flowerykj@tripod.com,M,$47790.74
741,Tonnie Egleton,tegletonkk@si.edu,F,$21313.57
742,Vince Sherreard,vsherreardkl@amazonaws.com,M,
743,Asa Stang-Gjertsen,astanggjertsenkm@twitter.com,M,$31737.75
744,Brigida Neller,bnellerkn@barnesandnoble.com,M,$28762.65
745,Hallie Tallowin,htallowinko@comcast.net,M,$40080.52
746,Tirrell Blindmann,tblindmannkp@ebay.co.uk,F,$13632.78
747,Charlean Gerin,cgerinkq@ehow.com,M,$33950.62
748,Yankee Bounde,yboundekr@mail.ru,M,$15177.83
749,Mitzi Maggorini,mmaggoriniks@pcworld.com,F,$11665.01
750,Courtenay Vidineev,cvidineevkt@adobe.com,M,
751,Emmalyn Barg,ebargku@prweb.com,M,
752,Johnathon Maudson,jmaudsonkv@guardian.co.uk,F,
753,June Haselden,jhaseldenkw@ezinearticles.com,M,
754,Ketty Dourin,kdourinkx@last.fm,F,
755,Rici Moody,rmoodyky@marriott.com,M,$46323.87
756,Massimo Levy,mlevykz@mac.com,F,$31318.15
757,Trent Seldner,tseldnerl0@google.com.au,F,$27558.85
758,Rey Alessandone,ralessandonel1@bbb.org,M,$17200.41
759,Benni Whittington,bwhittingtonl2@moonfruit.com,M,$36793.03
760,Chip Bellany,cbellanyl3@yelp.com,F,$38114.50
761,Waldemar Cremins,wcreminsl4@sfgate.com,F,
762,Brande Kops,bkopsl5@tripod.com,F,$49362.03
763,Hakeem Glawsop,hglawsopl6@wired.com,M,$49689.18
764,Gaultiero Brewin,gbrewinl7@4shared.com,F,$20954.69
765,Ad Ofener,aofenerl8@indiatimes.com,F,$13416.06
766,Garnette Cossom,gcossoml9@uiuc.edu,F,$26634.73
767,Lynn Lott,llottla@theglobeandmail.com,M,$35533.81
768,Bobbye Tranfield,btranfieldlb@smugmug.com,M,
769,Johnna Swayton,jswaytonlc@ebay.co.uk,F,$46309.89
770,Levy Font,lfontld@opera.com,F,
771,Austen Shuxsmith,ashuxsmithle@php.net,F,$30441.67
772,Pegeen Brigham,pbrighamlf@eventbrite.com,M,$37739.64
773,Maridel Balnaves,mbalnaveslg@seesaa.net,F,
774,Lazare Lineham,llinehamlh@jigsy.com,F,$49736.27
775,Sammie Piddletown,spiddletownli@amazon.com,F,$48169.18
776,Myrle Loade,mloadelj@nymag.com,F,$49811.04
777,Esmeralda Griggs,egriggslk@webnode.com,M,$25203.16
778,Trev Anetts,tanettsll@psu.edu,F,$48775.24
779,Minnaminnie Grinsted,mgrinstedlm@wiley.com,F,
780,Dom Latimer,dlatimerln@ihg.com,F,$21909.48
781,Janice Stanion,jstanionlo@hexun.com,M,$20126.23
782,Felipa Tryhorn,ftryhornlp@sciencedaily.com,F,$47168.08
783,Monro Phare,mpharelq@youtube.com,F,$13548.91
784,Yetty Ennion,yennionlr@jiathis.com,M,$18395.79
785,Innis Dannehl,idannehlls@unc.edu,F,$40121.36
786,Mauricio Chatelain,mchatelainlt@123-reg.co.uk,F,$18748.84
787,Sheri Kenworthey,skenwortheylu@deliciousdays.com,F,
788,Gracie Egle of Germany,geglelv@theguardian.com,F,$12521.10
789,Geraldine Rohlf,grohlflw@booking.com,F,
790,Elspeth Redsall,eredsalllx@jalbum.net,M,$43840.59
791,Kacie MacLure,kmaclurely@usa.gov,F,$25685.13
792,Rora Kembry,rkembrylz@wunderground.com,F,$13209.21
793,Rowan Gooch,rgoochm0@hao123.com,F,
794,Daisey Howley,dhowleym1@java.com,F,$41968.16
795,Stearne Wickersham,swickershamm2@friendfeed.com,M,$24417.46
796,Alaine Joddins,ajoddinsm3@tmall.com,F,$36690.32
797,Maury Pedlar,mpedlarm4@example.com,F,$38043.11
798,Petunia Mandrier,pmandrierm5@reverbnation.com,M,$26531.73
799,Jaquelin Harston,jharstonm6@creativecommons.org,M,$15052.56
800,Clarinda Hayman,chaymanm7@e-recht24.de,M,$13406.29
801,Regina Schurcke,rschurckem8@auda.org.au,M,$44730.59
802,Alistair Reichartz,areichartzm9@creativecommons.org,F,$41231.77
803,Julietta Brissard,jbrissardma@narod.ru,M,
804,Mickie Elsley,melsleymb@shutterfly.com,M,$24454.45
805,Uta Aitkenhead,uaitkenheadmc@nationalgeographic.com,F,$39377.50
806,Gaspard Grattage,ggrattagemd@wired.com,M,$48538.83
807,Mella Hudspeth,mhudspethme@unblog.fr,M,$28241.98
808,Bevin Arnley,barnleymf@plala.or.jp,M,
809,Staford Winkless,swinklessmg@nymag.com,M,$24915.16
810,Carmencita Slatford,cslatfordmh@mlb.com,F,$42029.40
811,Kristen Ticic,kticicmi@jimdo.com,F,$33495.29
812,Norina Spurr,nspurrmj@irs.gov,F,$22207.76
813,Jerald Wemyss,jwemyssmk@themeforest.net,F,$13819.12
814,Thekla Burr,tburrml@technorati.com,F,$28589.86
815,Darin Schultz,dschultzmm@amazonaws.com,M,$15356.92
816,Jordan Pointin,jpointinmn@google.ru,M,$12336.81
817,Minor Shwalbe,mshwalbemo@google.it,F,
818,Dru D'Alesco,ddalescomp@godaddy.com,F,$17202.76
819,Erv Toffanelli,etoffanellimq@apache.org,F,$37031.00
820,Kylie Bessom,kbessommr@123-reg.co.uk,M,$38586.74
821,Lezley Hargreaves,lhargreavesms@qq.com,M,$16227.69
822,Giovanna Pavese,gpavesemt@cbsnews.com,F,$46595.81
823,Anna-maria Mannock,amannockmu@oakley.com,F,$45236.07
824,Melinde Rois,mroismv@geocities.jp,M,$43833.80
825,Helen-elizabeth Leversha,hlevershamw@whitehouse.gov,F,$32287.20
826,Cherri Capron,ccapronmx@list-manage.com,M,$20201.46
827,Lianne Demougeot,ldemougeotmy@state.tx.us,M,$11279.29
828,Lusa Garrud,lgarrudmz@washington.edu,F,
829,Marissa Blesdill,mblesdilln0@symantec.com,F,$15235.52
830,Borden Wadly,bwadlyn1@economist.com,M,
831,Freedman Sharpless,fsharplessn2@prnewswire.com,M,$12918.09
832,Karee Marlor,kmarlorn3@bizjournals.com,F,$37700.58
833,Sheryl Ricker,srickern4@scribd.com,M,$45470.42
834,Cookie Clackson,cclacksonn5@un.org,M,$33562.89
835,Idaline MacArthur,imacarthurn6@techcrunch.com,F,
836,Tedmund Antonazzi,tantonazzin7@nationalgeographic.com,M,
837,Pippo Castanie,pcastanien8@soup.io,M,$46346.05
838,Baron Greet,bgreetn9@friendfeed.com,F,$36820.60
839,Pip MacMeekan,pmacmeekanna@nydailynews.com,F,$27666.15
840,Hallsy Kezourec,hkezourecnb@stanford.edu,M,
841,Brenna Clemont,bclemontnc@desdev.cn,F,$29476.02
842,Misti Eastridge,meastridgend@tuttocitta.it,M,$27273.23
843,Tove Rudgerd,trudgerdne@desdev.cn,M,$46019.73
844,Johna Yashunin,jyashuninnf@go.com,F,$24542.15
845,Yoshiko Normanton,ynormantonng@nih.gov,M,$14261.85
846,Berget Flory,bflorynh@parallels.com,M,$21528.15
847,Geri Squires,gsquiresni@netvibes.com,F,$20460.87
848,Orv Dreakin,odreakinnj@studiopress.com,F,$29480.75
849,Clarisse Britee,cbriteenk@uol.com.br,M,$29151.52
850,Freddy Meneer,fmeneernl@cbc.ca,F,$17988.13
851,Antonius Kabisch,akabischnm@artisteer.com,M,$29471.59
852,Linnea Brandino,lbrandinonn@google.it,M,
853,Owen Dunlop,odunlopno@homestead.com,M,$22572.37
854,Muire Andreini,mandreininp@paginegialle.it,M,$30459.80
855,Seline Etheridge,setheridgenq@cdc.gov,M,$26255.95
856,Bartholomew Haliday,bhalidaynr@mapy.cz,F,$33020.21
857,Tootsie Brotherheed,tbrotherheedns@ovh.net,M,$42077.80
858,Jeniffer Biskup,jbiskupnt@bluehost.com,M,$19939.80
859,Kalil Templar,ktemplarnu@epa.gov,F,$31755.16
860,Paulita Grimsdyke,pgrimsdykenv@mapquest.com,M,$29059.20
861,Anica Catterell,acatterellnw@thetimes.co.uk,M,$46371.79
862,Ellswerth Locket,elocketnx@sakura.ne.jp,M,$11219.41
863,Zena Nickoll,znickollny@angelfire.com,M,$29715.52
864,Iorgo Hegel,ihegelnz@kickstarter.com,F,$29319.81
865,Vanni McCome,vmccomeo0@weebly.com,F,$11072.41
866,Rosco Kurten,rkurteno1@livejournal.com,M,$38536.33
867,Martynne Hamlyn,mhamlyno2@usda.gov,M,$40095.94
868,Melissa Tithecote,mtithecoteo3@sogou.com,M,$38436.51
869,Raimondo Allabush,rallabusho4@etsy.com,F,$24574.67
870,Bessy Cuttler,bcuttlero5@tinypic.com,M,$28451.25
871,Chilton Keatley,ckeatleyo6@comcast.net,F,
872,Chaddie Gammon,cgammono7@narod.ru,F,$48164.03
873,Waiter McGillecole,wmcgillecoleo8@purevolume.com,F,$39463.36
874,Mari Radbourne,mradbourneo9@joomla.org,F,$24279.71
875,Wyndham Sant,wsantoa@nbcnews.com,M,$12142.67
876,Joan Kinton,jkintonob@scientificamerican.com,F,$48478.96
877,Hatti Balbeck,hbalbeckoc@angelfire.com,M,$42606.12
878,Lily MacDonald,lmacdonaldod@dell.com,M,$33913.06
879,Michale Tomlin,mtomlinoe@multiply.com,M,$42235.16
880,Ricard Bradford,rbradfordof@dedecms.com,F,
881,Inga Milmith,imilmithog@gizmodo.com,F,$18590.81
882,Leone Slafford,lslaffordoh@pagesperso-orange.fr,F,$39580.08
883,Jarret O'Doherty,jodohertyoi@cornell.edu,F,
884,Adler Pee,apeeoj@booking.com,F,$42147.69
885,Blanch Manclark,bmanclarkok@mapy.cz,M,
886,Darb Paffett,dpaffettol@paypal.com,M,$13247.70
887,Brynna Castanho,bcastanhoom@walmart.com,F,$18689.89
888,Jane Osipenko,josipenkoon@seesaa.net,M,$18549.10
889,Lawry MacRedmond,lmacredmondoo@soup.io,F,$33634.12
890,Emlen Vlies,evliesop@instagram.com,M,$12504.78
891,Buddy Czajkowska,bczajkowskaoq@linkedin.com,F,$10278.62
892,Hinda Bittleson,hbittlesonor@freewebs.com,M,$28947.07
893,Moreen Rzehor,mrzehoros@twitpic.com,M,$34453.34
894,Letti Lennox,llennoxot@com.com,M,$47310.02
895,Kikelia Praten,kpratenou@1und1.de,M,$12704.46
896,Darell Aird,dairdov@odnoklassniki.ru,F,$10386.88
897,Hallie Geipel,hgeipelow@google.com.au,M,$36602.13
898,Derward Burds,dburdsox@wufoo.com,M,$44869.94
899,Martha Stodd,mstoddoy@ft.com,M,$41401.80
900,Norine Coleby,ncolebyoz@dyndns.org,F,$10496.65
901,Man Patel,mpatelp0@go.com,M,$17835.30
902,Malissa Negal,mnegalp1@wsj.com,M,$30805.64
903,Gustave Souster,gsousterp2@prlog.org,M,$46567.17
904,Ailyn Alban,aalbanp3@sourceforge.net,M,$14790.86
905,Melisande Reese,mreesep4@narod.ru,M,$21814.88
906,Oriana Rao,oraop5@wiley.com,F,$49977.96
907,Cherida Scahill,cscahillp6@cisco.com,M,$30113.52
908,Berkeley Buzin,bbuzinp7@state.tx.us,F,$25713.21
909,Hunt de Zamora,hdep8@ed.gov,F,$32785.17
910,Dagny Gricewood,dgricewoodp9@msn.com,F,$48526.99
911,Dan Marcos,dmarcospa@livejournal.com,F,$43447.74
912,Dur Moth,dmothpb@ocn.ne.jp,F,
913,Winona Stovold,wstovoldpc@weebly.com,M,$12466.59
914,Perri Marland,pmarlandpd@soundcloud.com,F,
915,Riki Cridland,rcridlandpe@vkontakte.ru,F,$39038.51
916,Jackelyn Le Blond,jlepf@deviantart.com,M,$35228.65
917,Bridie Dickenson,bdickensonpg@oracle.com,F,$39517.54
918,Kacie Wetheril,kwetherilph@weibo.com,F,$31400.51
919,Fidelio Critzen,fcritzenpi@fda.gov,F,$49066.90
920,Frederick Gajewski,fgajewskipj@reference.com,M,$36943.91
921,Caldwell Strike,cstrikepk@businessinsider.com,M,$33886.85
922,Joseph Gravenell,jgravenellpl@squarespace.com,M,$21795.01
923,Hervey Eggins,hegginspm@flickr.com,M,$32519.87
924,Curt Case,ccasepn@dyndns.org,F,$40270.37
925,Artair West,awestpo@zimbio.com,F,$40829.77
926,Matthieu Leech,mleechpp@hatena.ne.jp,F,$10591.60
927,Rowney Antonopoulos,rantonopoulospq@imgur.com,M,$45627.98
928,Margeaux Pimblett,mpimblettpr@marketwatch.com,M,$24436.40
929,Rhetta Keeney,rkeeneyps@unc.edu,F,$14780.01
930,Onfre Kydd,okyddpt@ibm.com,F,$34441.89
931,Terry Pollington,tpollingtonpu@trellian.com,F,$17091.96
932,Inglebert Josef,ijosefpv@ocn.ne.jp,M,$26592.75
933,Shandra Fredy,sfredypw@google.co.jp,M,$36677.98
934,Klarika Keyworth,kkeyworthpx@amazon.co.jp,F,
935,Christopher Kew,ckewpy@pinterest.com,M,$22400.06
936,Dayna Challis,dchallispz@behance.net,M,
937,Eugine Pipworth,epipworthq0@yellowbook.com,M,$44506.65
938,Jard Meriel,jmerielq1@ted.com,F,$33888.15
939,Seth Bortoluzzi,sbortoluzziq2@paginegialle.it,F,$11930.08
940,Felicdad Harpin,fharpinq3@histats.com,M,$20236.18
941,Lorine Dadswell,ldadswellq4@printfriendly.com,F,$30536.05
942,Hilliard Morrilly,hmorrillyq5@skyrock.com,F,$10154.13
943,Wit Diche,wdicheq6@toplist.cz,M,$41675.73
944,Jerrine St. Louis,jstq7@over-blog.com,F,$47421.82
945,Teodoro Kynd,tkyndq8@posterous.com,F,
946,Ami Melhuish,amelhuishq9@paypal.com,F,$15788.52
947,Pearline Claque,pclaqueqa@infoseek.co.jp,F,$10234.72
948,Josephina Heining,jheiningqb@ted.com,F,$10818.93
949,Ashlee Esch,aeschqc@behance.net,F,$48585.77
950,Corliss Whistlecraft,cwhistlecraftqd@webmd.com,M,$46168.58
951,George Cawker,gcawkerqe@multiply.com,M,$41125.14
952,Cirstoforo Tuckett,ctuckettqf@cbslocal.com,F,$40786.20
953,Pacorro Mullin,pmullinqg@fotki.com,M,$12330.83
954,Aubrie Yallop,ayallopqh@eventbrite.com,F,$12351.31
955,Brendin M'Barron,bmbarronqi@github.com,M,$44481.80
956,Fifi Holleworth,fholleworthqj@digg.com,M,$31164.62
957,Eddie Dulton,edultonqk@tinypic.com,F,$18374.73
958,Kamila Luetkemeyers,kluetkemeyersql@prlog.org,F,$38320.46
959,Ellis Scarre,escarreqm@bloomberg.com,F,$23487.01
960,Wrennie O'Hartagan,wohartaganqn@skype.com,F,$26747.00
961,Diahann Murrill,dmurrillqo@harvard.edu,F,
962,Cristen Francesco,cfrancescoqp@cdc.gov,M,$11800.98
963,Rosabelle Brockway,rbrockwayqq@edublogs.org,M,$38913.63
964,Kelsi Casaccia,kcasacciaqr@pbs.org,F,$33704.06
965,Berni Pyke,bpykeqs@mlb.com,M,$21429.25
966,Timothy Whitmell,twhitmellqt@rakuten.co.jp,F,$31097.49
967,Maribel Bulward,mbulwardqu@etsy.com,F,
968,Pooh Maughan,pmaughanqv@diigo.com,F,
969,Noelani Aulton,naultonqw@cdc.gov,M,$18956.85
970,Maybelle Kinsell,mkinsellqx@blogspot.com,F,$12117.58
971,Damita Pyrton,dpyrtonqy@adobe.com,M,$34425.26
972,Adele Battany,abattanyqz@oaic.gov.au,F,$38450.49
973,Patrick Turbard,pturbardr0@mtv.com,F,$10583.19
974,Winfield Kondrachenko,wkondrachenkor1@devhub.com,M,$47119.36
975,Giles Binder,gbinderr2@hao123.com,F,
976,Oralia Seak,oseakr3@wired.com,F,$22428.03
977,Dina Marusyak,dmarusyakr4@sina.com.cn,F,$49747.66
978,Vic Piola,vpiolar5@paginegialle.it,F,$43853.13
979,Rana Slograve,rslograver6@drupal.org,M,$29028.39
980,Archambault Kernell,akernellr7@usgs.gov,M,$32082.83
981,Tiffanie Lawling,tlawlingr8@biglobe.ne.jp,M,$12165.03
982,Brander Moulster,bmoulsterr9@usnews.com,F,$23208.29
983,Bord O'Reagan,boreaganra@independent.co.uk,M,$48280.34
984,Shawn Bladon,sbladonrb@theglobeandmail.com,M,$36693.21
985,Mike Joysey,mjoyseyrc@a8.net,F,$26668.80
986,Lauree Craiker,lcraikerrd@unesco.org,F,$31198.50
987,Franchot Melbourn,fmelbournre@github.com,M,$36599.98
988,Mia Raff,mraffrf@netscape.com,F,$27698.02
989,Lacy Abelson,labelsonrg@purevolume.com,M,$41734.38
990,Doug Shakle,dshaklerh@wikispaces.com,F,$39149.94
991,Sybila Chatto,schattori@sogou.com,F,$39558.44
992,Rasia Mackerness,rmackernessrj@zimbio.com,F,$45113.12
993,Zed Thow,zthowrk@earthlink.net,M,$23942.97
994,Alonzo Behling,abehlingrl@trellian.com,M,
995,Saidee Carlucci,scarluccirm@surveymonkey.com,F,$19564.11
996,Bert Essex,bessexrn@columbia.edu,F,$10630.74
997,Micheline Tart,mtartro@goo.ne.jp,F,
998,Melvyn Showler,mshowlerrp@marketwatch.com,F,$16341.91
999,Rickey Siebart,rsiebartrq@intel.com,F,$17069.90
1000,Arleta Connelly,aconnellyrr@pcworld.com,F,$10485.52
